      36,   0.037173,   0.298297,  -0.939938
      56,   0.035219,   0.300006,  -0.938107
      76,   0.036196,   0.299884,  -0.945797
      96,   0.037783,   0.298785,  -0.951047
     116,   0.036806,   0.301837,  -0.951413
     136,   0.036684,   0.306476,  -0.948117
     156,   0.033388,   0.311604,  -0.942623
     176,   0.031435,   0.314900,  -0.942746
     196,   0.034487,   0.315998,  -0.942135
     216,   0.032290,   0.316975,  -0.945553
     236,   0.032778,   0.317097,  -0.944455
     256,   0.032534,   0.319050,  -0.940670
     276,   0.033266,   0.322468,  -0.937496
     296,   0.035952,   0.319661,  -0.939694
     316,   0.034731,   0.316365,  -0.943234
     336,   0.035342,   0.310749,  -0.944088
     356,   0.040591,   0.310017,  -0.944088
     376,   0.035830,   0.319783,  -0.940060
     396,   0.035830,   0.315510,  -0.946042
     416,   0.032412,   0.320515,  -0.942379
     436,   0.034731,   0.320759,  -0.944088
     456,   0.032412,   0.323323,  -0.946652
     476,   0.036318,   0.322468,  -0.947018
     496,   0.032290,   0.315998,  -0.948972
     516,   0.039126,   0.328450,  -0.954831
     536,   0.037661,   0.336385,  -0.956418
     556,   0.031069,   0.309772,  -0.952146
     576,   0.035952,   0.292926,  -0.952390
     596,   0.047793,   0.298053,  -0.950925
     606,   0.054874,   0.297076,  -0.944577
     626,   0.055851,   0.293048,  -0.941891
     646,   0.057193,   0.306232,  -0.943600
     666,   0.058414,   0.288287,  -0.941036
     686,   0.053043,   0.285845,  -0.938351
     706,   0.054874,   0.278520,  -0.943356
     726,   0.055851,   0.301959,  -0.944455
     746,   0.054996,   0.297809,  -0.950925
     766,   0.053653,   0.301959,  -0.953488
     786,   0.054142,   0.296588,  -0.955075
     806,   0.051456,   0.304279,  -0.953733
     826,   0.050845,   0.310505,  -0.952023
     846,   0.049014,   0.301471,  -0.953610
     866,   0.041812,   0.310139,  -0.953488
     886,   0.036440,   0.304157,  -0.954343
     906,   0.034487,   0.308307,  -0.950925
     926,   0.038027,   0.294513,  -0.953122
     946,   0.037905,   0.294024,  -0.951291
     966,   0.037173,   0.294879,  -0.947873
     986,   0.044375,   0.293902,  -0.945309
    1006,   0.050479,   0.293414,  -0.949216
    1026,   0.053531,   0.299396,  -0.948972
    1046,   0.055240,   0.297931,  -0.951779
    1056,   0.055484,   0.303058,  -0.958494
    1076,   0.051822,   0.300372,  -0.956784
    1096,   0.049380,   0.296222,  -0.953488
    1116,   0.044253,   0.294757,  -0.950314
    1136,   0.045474,   0.307697,  -0.954587
    1156,   0.044497,   0.297687,  -0.955320
    1176,   0.045596,   0.297565,  -0.950681
    1196,   0.043521,   0.288165,  -0.950070
    1216,   0.047916,   0.286456,  -0.954343
    1236,   0.047549,   0.299396,  -0.957395
    1256,   0.046206,   0.297687,  -0.959470
    1276,   0.042666,   0.289752,  -0.958860
    1296,   0.042544,   0.282793,  -0.951413
    1316,   0.053775,   0.274004,  -0.948361
    1326,   0.064762,   0.276445,  -0.941769
    1346,   0.072697,   0.285601,  -0.940426
    1366,   0.070988,   0.290606,  -0.944088
    1386,   0.066960,   0.273759,  -0.947751
    1406,   0.063175,   0.274736,  -0.949460
    1426,   0.057315,   0.286211,  -0.954343
    1446,   0.052066,   0.296222,  -0.953122
    1466,   0.050845,   0.303546,  -0.958738
    1486,   0.049258,   0.294391,  -0.958127
    1496,   0.048038,   0.293902,  -0.955442
    1516,   0.047183,   0.290484,  -0.954953
    1526,   0.047549,   0.285235,  -0.952634
    1546,   0.046573,   0.284136,  -0.951291
    1566,   0.048404,   0.298907,  -0.952390
    1596,   0.048770,   0.291949,  -0.957273
    1616,   0.043887,   0.294757,  -0.951169
    1636,   0.035342,   0.293780,  -0.953977
    1656,   0.034975,   0.296954,  -0.959592
    1676,   0.035708,   0.281572,  -0.957517
    1696,   0.045230,   0.280229,  -0.958371
    1716,   0.047916,   0.289996,  -0.952634
    1736,   0.051334,   0.292681,  -0.951291
    1756,   0.050967,   0.286456,  -0.947507
    1776,   0.051456,   0.277910,  -0.952023
    1796,   0.052921,   0.292681,  -0.952878
    1816,   0.057682,   0.294146,  -0.951901
    1836,   0.054996,   0.279619,  -0.950436
    1856,   0.049869,   0.294879,  -0.954953
    1876,   0.045718,   0.296100,  -0.957883
    1896,   0.044375,   0.291583,  -0.958005
    1916,   0.039004,   0.304157,  -0.956052
    1926,   0.039248,   0.305622,  -0.957395
    1946,   0.041812,   0.297076,  -0.957883
    1966,   0.045108,   0.288165,  -0.960325
    1986,   0.045596,   0.280962,  -0.957639
    2006,   0.043399,   0.288165,  -0.952146
    2026,   0.044619,   0.277178,  -0.943722
    2046,   0.047061,   0.275102,  -0.945187
    2066,   0.055606,   0.291705,  -0.950314
    2086,   0.060490,   0.285723,  -0.951901
    2106,   0.060734,   0.287920,  -0.954709
    2126,   0.059635,   0.279619,  -0.956907
    2146,   0.051212,   0.290484,  -0.956662
    2166,   0.048160,   0.297076,  -0.955808
    2186,   0.046695,   0.284136,  -0.959592
    2206,   0.047916,   0.282061,  -0.953733
    2226,   0.048404,   0.282793,  -0.950070
    2246,   0.052799,   0.276567,  -0.951169
    2266,   0.052677,   0.287066,  -0.954099
    2286,   0.051944,   0.291216,  -0.953366
    2306,   0.043399,   0.286333,  -0.954221
    2316,   0.042666,   0.285845,  -0.956052
    2326,   0.041079,   0.285479,  -0.955442
    2346,   0.043887,   0.280840,  -0.956296
    2366,   0.049869,   0.279741,  -0.957883
    2386,   0.050967,   0.285601,  -0.960203
    2406,   0.046206,   0.300617,  -0.958371
    2426,   0.042666,   0.294146,  -0.956052
    2446,   0.045352,   0.273149,  -0.959836
    2466,   0.044986,   0.287066,  -0.954099
    2486,   0.042666,   0.288042,  -0.956662
    2506,   0.044497,   0.280840,  -0.955442
    2525,   0.045718,   0.281450,  -0.955442
    2545,   0.044742,   0.294391,  -0.954343
    2566,   0.047916,   0.287920,  -0.955564
    2585,   0.046817,   0.279131,  -0.958249
    2605,   0.053165,   0.291339,  -0.958371
    2625,   0.051334,   0.290606,  -0.955442
    2645,   0.051090,   0.269853,  -0.950192
    2665,   0.051090,   0.268632,  -0.947140
    2685,   0.055973,   0.274736,  -0.947873
    2705,   0.057315,   0.281816,  -0.950314
    2725,   0.053531,   0.273149,  -0.950436
    2745,   0.052799,   0.279619,  -0.945309
    2765,   0.040713,   0.283526,  -0.945431
    2785,   0.044009,   0.276201,  -0.956907
    2805,   0.045474,   0.293048,  -0.961912
    2825,   0.040103,   0.304157,  -0.968138
    2845,   0.034975,   0.313068,  -0.968260
    2865,   0.035464,   0.297076,  -0.960325
    2885,   0.040225,   0.297076,  -0.949704
    2905,   0.053287,   0.279497,  -0.950314
    2925,   0.064518,   0.277666,  -0.952146
    2945,   0.071110,   0.275957,  -0.950314
    2965,   0.071721,   0.263383,  -0.948117
    2985,   0.068791,   0.275468,  -0.948239
    3005,   0.062809,   0.289752,  -0.947873
    3025,   0.051456,   0.286456,  -0.948849
    3045,   0.050479,   0.288897,  -0.953733
    3065,   0.052677,   0.310383,  -0.953244
    3085,   0.057438,   0.318928,  -0.960569
    3105,   0.059147,   0.303791,  -0.964475
    3125,   0.055606,   0.311604,  -0.958494
    3145,   0.054264,   0.313923,  -0.951413
    3165,   0.045230,   0.331746,  -0.956784
    3185,   0.035342,   0.303668,  -0.961668
    3205,   0.026308,   0.277544,  -0.952512
    3225,   0.030947,   0.277178,  -0.947384
    3245,   0.034121,   0.307941,  -0.950070
    3265,   0.034731,   0.301349,  -0.958127
    3285,   0.027651,   0.277910,  -0.949216
    3305,   0.021425,   0.282305,  -0.938351
    3325,   0.018617,   0.302692,  -0.942257
    3345,   0.029726,   0.299640,  -0.947507
    3365,   0.039370,   0.292193,  -0.956296
    3385,   0.042422,   0.328328,  -0.951413
    3405,   0.048160,   0.306965,  -0.944943
    3425,   0.083074,   0.276933,  -0.958127
    3445,   0.077825,   0.284380,  -0.941036
    3465,   0.095648,   0.270219,  -0.940670
    3485,   0.100531,   0.274370,  -0.928829
    3505,   0.095404,   0.286944,  -0.937374
    3525,   0.065739,   0.280718,  -0.934810
    3545,   0.054996,   0.275468,  -0.959226
    3565,   0.031191,   0.293170,  -0.962156
    3585,   0.014710,   0.336141,  -0.953244
    3605,   0.007508,   0.338094,  -0.950681
    3625,   0.005432,   0.318562,  -0.961546
    3645,   0.008973,   0.316975,  -0.956540
    3665,   0.023866,   0.316487,  -0.953977
    3685,   0.045962,   0.343588,  -0.959470
    3705,   0.045474,   0.338827,  -0.968138
    3725,   0.039614,   0.307087,  -0.967039
    3745,   0.034975,   0.306965,  -0.955320
    3765,   0.040591,   0.317707,  -0.945309
    3785,   0.041690,   0.311481,  -0.937374
    3805,   0.042422,   0.286333,  -0.938473
    3825,   0.053653,   0.271318,  -0.943356
    3845,   0.067448,   0.277788,  -0.946530
    3865,   0.067936,   0.306720,  -0.945920
    3885,   0.053897,   0.312702,  -0.953000
    3905,   0.038393,   0.310993,  -0.955075
    3925,   0.025453,   0.288042,  -0.952146
    3945,   0.029360,   0.291339,  -0.936520
    3965,   0.049014,   0.311115,  -0.945675
    3985,   0.052799,   0.316242,  -0.943722
    4005,   0.048160,   0.292193,  -0.950558
    4025,   0.047305,   0.279985,  -0.954221
    4045,   0.045108,   0.292559,  -0.949216
    4065,   0.049136,   0.327718,  -0.953122
    4085,   0.036562,   0.342245,  -0.955808
    4105,   0.033877,   0.319417,  -0.962522
    4125,   0.042666,   0.297809,  -0.962400
    4145,   0.051334,   0.299029,  -0.959226
    4165,   0.061710,   0.316365,  -0.955564
    4185,   0.059391,   0.314900,  -0.946286
    4205,   0.041567,   0.293048,  -0.944333
    4225,   0.033632,   0.288653,  -0.944699
    4245,   0.031313,   0.284380,  -0.943966
    4265,   0.033877,   0.279009,  -0.948727
    4285,   0.037417,   0.295245,  -0.951169
    4305,   0.040957,   0.313557,  -0.953610
    4325,   0.033266,   0.297809,  -0.952268
    4335,   0.029360,   0.285967,  -0.950070
    4355,   0.031191,   0.293414,  -0.955197
    4375,   0.033632,   0.294513,  -0.955197
    4385,   0.041690,   0.289385,  -0.952146
    4405,   0.045718,   0.287066,  -0.948483
    4425,   0.044009,   0.288531,  -0.945065
    4445,   0.047793,   0.301593,  -0.948361
    4465,   0.044497,   0.296344,  -0.949582
    4485,   0.051700,   0.298419,  -0.950436
    4505,   0.045352,   0.303424,  -0.948117
    4525,   0.039126,   0.295733,  -0.947507
    4545,   0.035830,   0.285113,  -0.951169
    4565,   0.041567,   0.297565,  -0.956662
    4585,   0.044131,   0.304401,  -0.954587
    4605,   0.048648,   0.292681,  -0.951779
    4625,   0.048160,   0.295245,  -0.953977
    4645,   0.043154,   0.301349,  -0.954221
    4665,   0.045474,   0.307575,  -0.958982
    4685,   0.042666,   0.299152,  -0.949948
    4705,   0.033877,   0.294513,  -0.947751
    4725,   0.033388,   0.307697,  -0.953977
    4745,   0.031557,   0.291583,  -0.961668
    4765,   0.032045,   0.291705,  -0.961668
    4785,   0.039370,   0.304035,  -0.965574
    4805,   0.050601,   0.297809,  -0.961546
    4825,   0.046695,   0.297320,  -0.950925
    4845,   0.048282,   0.287188,  -0.941891
    4865,   0.058292,   0.271684,  -0.936153
    4885,   0.061100,   0.267289,  -0.946774
    4905,   0.048770,   0.279741,  -0.946774
    4925,   0.030092,   0.294513,  -0.941281
    4945,   0.026064,   0.276323,  -0.959958
    4965,   0.024477,   0.282427,  -0.965208
    4985,   0.031069,   0.281328,  -0.964231
    5005,   0.027529,   0.276933,  -0.955564
    5025,   0.028749,   0.301227,  -0.960447
    5045,   0.034243,   0.300739,  -0.960813
    5065,   0.041934,   0.279375,  -0.958616
    5085,   0.053897,   0.276933,  -0.961790
    5105,   0.058780,   0.295733,  -0.960203
    5125,   0.053287,   0.295367,  -0.958494
    5145,   0.040469,   0.280107,  -0.951779
    5165,   0.036562,   0.273149,  -0.950681
    5185,   0.035097,   0.279863,  -0.960081
    5205,   0.032656,   0.276811,  -0.959226
    5225,   0.033266,   0.279985,  -0.960081
    5244,   0.028627,   0.291583,  -0.961057
    5265,   0.025453,   0.273149,  -0.957517
    5285,   0.026064,   0.270952,  -0.957639
    5304,   0.026674,   0.273149,  -0.950314
    5315,   0.037417,   0.272905,  -0.952756
    5335,   0.045962,   0.267411,  -0.953366
    5354,   0.045718,   0.274004,  -0.964720
    5365,   0.045474,   0.277544,  -0.962034
    5385,   0.043154,   0.275224,  -0.957639
    5405,   0.037173,   0.274004,  -0.947384
    5425,   0.031557,   0.286700,  -0.940426
    5445,   0.028383,   0.282061,  -0.947384
    5465,   0.027040,   0.273515,  -0.954953
    5485,   0.038027,   0.278276,  -0.963865
    5505,   0.056583,   0.277666,  -0.973753
    5525,   0.063175,   0.288287,  -0.975218
    5545,   0.071477,   0.308552,  -0.974486
    5565,   0.071355,   0.306842,  -0.966307
    5585,   0.067448,   0.292071,  -0.960203
    5604,   0.053409,   0.292193,  -0.959836
    5624,   0.034243,   0.285113,  -0.961790
    5644,   0.022645,   0.281572,  -0.949338
    5664,   0.013368,   0.268754,  -0.941281
    5684,   0.019960,   0.262650,  -0.947262
    5704,   0.035952,   0.258988,  -0.957029
    5724,   0.050357,   0.250809,  -0.955930
    5744,   0.049258,   0.266679,  -0.953000
    5764,   0.039004,   0.279863,  -0.950070
    5784,   0.036929,   0.271318,  -0.949704
    5804,   0.040469,   0.266191,  -0.953366
    5824,   0.046695,   0.270341,  -0.954343
    5844,   0.054874,   0.281450,  -0.957639
    5864,   0.061466,   0.286700,  -0.957395
    5884,   0.057560,   0.281694,  -0.961301
    5904,   0.048038,   0.274736,  -0.954099
    5924,   0.042788,   0.276567,  -0.958127
    5944,   0.032290,   0.285723,  -0.958616
    5964,   0.025819,   0.294146,  -0.963010
    5984,   0.019716,   0.294268,  -0.974364
    6004,   0.020448,   0.288653,  -0.965574
    6024,   0.025087,   0.276933,  -0.959836
    6044,   0.042422,   0.271562,  -0.954221
    6064,   0.048892,   0.273393,  -0.952634
    6084,   0.052188,   0.289874,  -0.949826
    6104,   0.036806,   0.283404,  -0.949826
    6114,   0.029848,   0.281939,  -0.954831
    6134,   0.025941,   0.280596,  -0.959104
    6154,   0.033754,   0.279497,  -0.962522
    6174,   0.042300,   0.288897,  -0.965330
    6194,   0.050479,   0.280596,  -0.960813
    6214,   0.060001,   0.280107,  -0.961546
    6234,   0.062443,   0.287554,  -0.961057
    6254,   0.054386,   0.278643,  -0.951413
    6274,   0.049502,   0.252274,  -0.947507
    6294,   0.051090,   0.266191,  -0.951047
    6314,   0.050235,   0.273637,  -0.955930
    6334,   0.039736,   0.273393,  -0.956662
    6354,   0.037905,   0.282427,  -0.960081
    6374,   0.039370,   0.292681,  -0.968992
    6394,   0.043887,   0.305255,  -0.970945
    6414,   0.039248,   0.289629,  -0.960691
    6434,   0.036684,   0.290362,  -0.953122
    6454,   0.034731,   0.290728,  -0.953977
    6474,   0.037539,   0.272661,  -0.961546
    6494,   0.040469,   0.267533,  -0.962888
    6514,   0.044253,   0.272050,  -0.961790
    6534,   0.039980,   0.283404,  -0.956907
    6554,   0.033388,   0.254959,  -0.956418
    6574,   0.036562,   0.254471,  -0.959470
    6594,   0.033510,   0.270097,  -0.958616
    6614,   0.043399,   0.269853,  -0.962278
    6634,   0.049625,   0.274736,  -0.961423
    6654,   0.042178,   0.279985,  -0.958127
    6674,   0.038271,   0.262528,  -0.953977
    6694,   0.040957,   0.256424,  -0.952878
    6714,   0.040591,   0.255570,  -0.950436
    6734,   0.043887,   0.266801,  -0.954465
    6754,   0.035219,   0.264359,  -0.954587
    6774,   0.029604,   0.268754,  -0.954831
    6794,   0.022645,   0.259354,  -0.945675
    6814,   0.023866,   0.275346,  -0.952023
    6834,   0.025087,   0.277422,  -0.957517
    6854,   0.022157,   0.268998,  -0.958616
    6874,   0.023012,   0.265458,  -0.966429
    6894,   0.034853,   0.282061,  -0.969114
    6914,   0.042178,   0.305500,  -0.974364
    6934,   0.039248,   0.287310,  -0.961423
    6954,   0.029360,   0.279253,  -0.958371
    6974,   0.029238,   0.279985,  -0.963499
    6994,   0.030825,   0.276445,  -0.964231
    7014,   0.033144,   0.266557,  -0.964231
    7034,   0.036440,   0.274614,  -0.952634
    7054,   0.034609,   0.274736,  -0.949094
    7074,   0.033266,   0.261307,  -0.952268
    7094,   0.035342,   0.255570,  -0.953122
    7114,   0.038638,   0.262650,  -0.951901
    7134,   0.040469,   0.273393,  -0.957395
    7154,   0.042544,   0.275468,  -0.959226
    7174,   0.040591,   0.274248,  -0.963499
    7194,   0.031069,   0.282671,  -0.960935
    7214,   0.018495,   0.280107,  -0.958249
    7234,   0.017274,   0.270830,  -0.957517
    7254,   0.024843,   0.268754,  -0.956540
    7274,   0.035342,   0.281328,  -0.960813
    7294,   0.046451,   0.278520,  -0.962156
    7314,   0.047305,   0.268266,  -0.961546
    7334,   0.043643,   0.289629,  -0.968260
    7354,   0.039980,   0.289874,  -0.969725
    7374,   0.039126,   0.277910,  -0.969603
    7394,   0.032534,   0.287920,  -0.960935
    7414,   0.036196,   0.285967,  -0.965086
    7434,   0.033754,   0.283037,  -0.974364
    7454,   0.011781,   0.290972,  -0.951413
    7474,   0.008851,   0.265214,  -0.953733
    7494,   0.009583,   0.263871,  -0.948239
    7504,   0.005799,   0.258622,  -0.942379
    7524,   0.013368,   0.258255,  -0.944943
    7544,   0.027651,   0.247391,  -0.944088
    7564,   0.050235,   0.246780,  -0.946164
    7584,   0.060367,   0.263627,  -0.954953
    7604,   0.066838,   0.265214,  -0.957151
    7624,   0.064152,   0.254593,  -0.956418
    7644,   0.065739,   0.268876,  -0.953000
    7664,   0.065128,   0.276933,  -0.961057
    7684,   0.072697,   0.267289,  -0.969236
    7704,   0.074406,   0.265214,  -0.975462
    7724,   0.065128,   0.287920,  -0.969725
    7744,   0.037051,   0.295855,  -0.959836
    7764,   0.016541,   0.281694,  -0.951535
    7784,  -0.012391,   0.277910,  -0.935543
    7804,  -0.022645,   0.279863,  -0.933346
    7824,  -0.007386,   0.252762,  -0.947751
    7844,   0.009461,   0.237869,  -0.953366
    7864,   0.034243,   0.246170,  -0.966551
    7884,   0.051334,   0.295978,  -0.969725
    7904,   0.050723,   0.315754,  -0.976317
    7924,   0.043521,   0.316609,  -0.979247
    7944,   0.030825,   0.315998,  -0.983886
    7964,   0.021425,   0.325642,  -0.988036
    7984,   0.022157,   0.310017,  -0.983397
    8004,   0.015687,   0.302448,  -0.977660
    8024,   0.007874,   0.290484,  -0.969359
    8034,   0.000061,   0.270463,  -0.953855
    8054,  -0.003235,   0.258744,  -0.950436
    8074,   0.000061,   0.240798,  -0.935909
    8094,   0.009827,   0.251297,  -0.936275
    8114,   0.013978,   0.260941,  -0.937496
    8134,   0.020570,   0.238723,  -0.939938
    8154,   0.023866,   0.237502,  -0.940914
    8174,   0.026796,   0.262162,  -0.945675
    8194,   0.031069,   0.262406,  -0.957883
    8214,   0.036318,   0.265702,  -0.966795
    8234,   0.030458,   0.285235,  -0.965574
    8254,   0.022645,   0.285967,  -0.966062
    8273,   0.025331,   0.288653,  -0.969969
    8284,   0.019960,   0.294513,  -0.971068
    8304,   0.018617,   0.298419,  -0.970091
    8324,   0.013490,   0.283037,  -0.955686
    8344,   0.007752,   0.265702,  -0.949948
    8364,   0.012757,   0.266923,  -0.954343
    8384,   0.008851,   0.268266,  -0.952146
    8404,   0.012635,   0.260697,  -0.949582
    8424,   0.013490,   0.268632,  -0.951779
    8444,   0.012879,   0.282305,  -0.960203
    8464,   0.014344,   0.275591,  -0.961912
    8484,   0.016908,   0.275835,  -0.959592
    8503,   0.020448,   0.275957,  -0.959836
    8514,   0.024599,   0.280474,  -0.960081
    8533,   0.026552,   0.276323,  -0.961179
    8553,   0.029970,   0.278154,  -0.965086
    8564,   0.029970,   0.285113,  -0.968870
    8584,   0.029726,   0.292559,  -0.969969
    8604,   0.016541,   0.296222,  -0.969847
    8624,   0.007142,   0.284258,  -0.964231
    8643,   0.003723,   0.267411,  -0.952878
    8663,   0.006653,   0.273881,  -0.954221
    8683,   0.013856,   0.268144,  -0.953488
    8703,   0.015687,   0.263505,  -0.953977
    8723,   0.013612,   0.273881,  -0.961912
    8743,  -0.003357,   0.272294,  -0.959958
    8763,  -0.009827,   0.273637,  -0.956296
    8783,  -0.007142,   0.272783,  -0.958127
    8793,   0.006531,   0.279741,  -0.960813
    8813,   0.014832,   0.278643,  -0.961423
    8833,   0.021913,   0.279131,  -0.960813
    8853,   0.017030,   0.273393,  -0.958494
    8873,   0.008484,   0.282671,  -0.959470
    8893,   0.010316,   0.274492,  -0.967161
    8913,   0.018373,   0.265824,  -0.969847
    8933,   0.020936,   0.275224,  -0.965208
    8953,   0.018251,   0.284014,  -0.956052
    8973,   0.010804,   0.282671,  -0.945920
    8993,   0.001648,   0.258988,  -0.940426
    9013,  -0.001282,   0.259598,  -0.941891
    9033,   0.002869,   0.256180,  -0.954587
    9053,   0.008851,   0.272294,  -0.959958
    9073,   0.013856,   0.278276,  -0.965208
    9093,   0.017396,   0.269487,  -0.965452
    9113,   0.026430,   0.269243,  -0.962400
    9133,   0.035952,   0.272416,  -0.959470
    9153,   0.034853,   0.270097,  -0.951535
    9173,   0.029970,   0.259110,  -0.946408
    9193,   0.024232,   0.267533,  -0.950558
    9213,   0.013245,   0.284502,  -0.957029
    9233,  -0.000183,   0.288531,  -0.963255
    9253,  -0.016297,   0.290972,  -0.969603
    9273,  -0.018617,   0.282183,  -0.974730
    9293,  -0.014832,   0.293536,  -0.973875
    9313,  -0.003845,   0.293170,  -0.971678
    9333,   0.010560,   0.278398,  -0.964353
    9353,   0.023256,   0.275346,  -0.957151
    9373,   0.032656,   0.271196,  -0.957517
    9393,   0.038760,   0.277178,  -0.957029
    9413,   0.030458,   0.269609,  -0.956418
    9433,   0.023988,   0.264115,  -0.953733
    9453,   0.021058,   0.268876,  -0.954343
    9473,   0.013856,   0.268632,  -0.951413
    9493,   0.006897,   0.266923,  -0.949094
    9513,  -0.003845,   0.267655,  -0.952634
    9533,  -0.003479,   0.271440,  -0.960203
    9553,   0.002503,   0.278032,  -0.969725
    9573,   0.001770,   0.282427,  -0.971190
    9593,  -0.002014,   0.288897,  -0.962400
    9613,   0.002136,   0.276079,  -0.963987
    9633,   0.014832,   0.273271,  -0.965330
    9653,   0.021547,   0.280107,  -0.963010
    9673,   0.021303,   0.280840,  -0.955686
    9693,   0.013368,   0.264848,  -0.953733
    9713,   0.008851,   0.262040,  -0.953244
    9733,   0.003235,   0.264726,  -0.954465
    9753,  -0.000061,   0.269243,  -0.954465
    9773,   0.008484,   0.260575,  -0.958005
    9793,   0.015077,   0.279009,  -0.961912
    9813,   0.018495,   0.280962,  -0.962278
    9833,   0.012025,   0.276323,  -0.962522
    9853,   0.013001,   0.267289,  -0.964231
    9873,   0.015565,   0.283892,  -0.963499
    9893,   0.009827,   0.286211,  -0.964231
    9913,   0.006775,   0.273027,  -0.962766
    9933,   0.001526,   0.273515,  -0.956174
    9953,   0.003968,   0.264481,  -0.954709
    9973,   0.014100,   0.263749,  -0.958616
    9993,   0.016175,   0.271074,  -0.958860
   10013,   0.015565,   0.273027,  -0.959714
   10033,   0.011903,   0.269120,  -0.958982
   10053,   0.009827,   0.270463,  -0.957029
   10073,   0.004212,   0.280718,  -0.960325
   10093,   0.004212,   0.276079,  -0.962522
   10113,   0.001526,   0.268022,  -0.962400
   10133,   0.005799,   0.269120,  -0.960569
   10153,   0.006653,   0.276079,  -0.963621
   10173,   0.008118,   0.271318,  -0.962156
   10193,   0.007508,   0.270585,  -0.961057
   10213,   0.010804,   0.271684,  -0.961912
   10233,   0.009827,   0.274614,  -0.962034
   10253,   0.007752,   0.269120,  -0.956662
   10273,   0.002136,   0.255448,  -0.952023
   10293,   0.009217,   0.253983,  -0.951657
   10313,   0.014588,   0.265458,  -0.957395
   10333,   0.018251,   0.279985,  -0.960569
   10353,   0.018617,   0.267045,  -0.961668
   10373,   0.017152,   0.270585,  -0.962888
   10393,   0.013245,   0.279131,  -0.964597
   10413,   0.009339,   0.269731,  -0.964475
   10433,   0.009217,   0.264115,  -0.964597
   10453,   0.007752,   0.273149,  -0.961668
   10473,   0.004944,   0.284258,  -0.964353
   10493,   0.003113,   0.270097,  -0.963255
   10513,  -0.000061,   0.276933,  -0.963865
   10533,   0.005799,   0.276811,  -0.962034
   10553,   0.003357,   0.272539,  -0.959348
   10573,   0.005432,   0.262528,  -0.956784
   10593,   0.008240,   0.256913,  -0.955075
   10613,   0.013123,   0.267533,  -0.958005
   10633,   0.021303,   0.270707,  -0.961912
   10653,   0.018495,   0.269365,  -0.957639
   10673,   0.012391,   0.270707,  -0.958371
   10693,   0.007508,   0.274370,  -0.961423
   10713,   0.004456,   0.262772,  -0.958738
   10733,   0.003357,   0.260087,  -0.957029
   10753,   0.013612,   0.266679,  -0.961057
   10773,   0.018251,   0.276689,  -0.962766
   10793,   0.009949,   0.288165,  -0.963377
   10813,   0.002625,   0.274980,  -0.966917
   10833,   0.001526,   0.273271,  -0.963865
   10853,   0.006165,   0.269365,  -0.963255
   10873,   0.009827,   0.265702,  -0.957395
   10893,   0.014955,   0.262895,  -0.956784
   10913,   0.019593,   0.266801,  -0.958371
   10933,   0.018617,   0.265214,  -0.960813
   10953,   0.016786,   0.270341,  -0.960569
   10973,   0.011170,   0.274126,  -0.956540
   10993,   0.005432,   0.264481,  -0.958494
   11013,   0.004090,   0.256302,  -0.964597
   11033,   0.001038,   0.270463,  -0.960691
   11053,   0.000427,   0.261796,  -0.955564
   11073,   0.004700,   0.266313,  -0.956784
   11093,   0.013612,   0.280352,  -0.965086
   11113,   0.013245,   0.266313,  -0.962034
   11133,   0.011658,   0.257767,  -0.954465
   11153,   0.009705,   0.272905,  -0.955930
   11173,   0.012025,   0.275835,  -0.962034
   11193,   0.007508,   0.264237,  -0.961912
   11213,   0.006653,   0.255814,  -0.958860
   11233,   0.011903,   0.268998,  -0.960447
   11253,   0.011658,   0.274736,  -0.962522
   11273,   0.011048,   0.272905,  -0.964842
   11293,   0.009827,   0.267900,  -0.966184
   11313,  -0.002136,   0.276811,  -0.960325
   11333,   0.004334,   0.266923,  -0.959714
   11353,   0.011170,   0.267778,  -0.964353
   11373,   0.015077,   0.266557,  -0.960569
   11393,   0.018251,   0.259110,  -0.958738
   11413,   0.018129,   0.258378,  -0.953855
   11433,   0.024477,   0.256668,  -0.957639
   11453,   0.018006,   0.268144,  -0.964720
   11473,   0.006653,   0.271318,  -0.959836
   11493,   0.003235,   0.264970,  -0.956418
   11512,   0.012513,   0.268266,  -0.961301
   11523,   0.023134,   0.282427,  -0.963743
   11543,   0.019593,   0.272661,  -0.969236
   11563,   0.007508,   0.265214,  -0.963865
   11582,   0.000916,   0.266923,  -0.962766
   11603,   0.002380,   0.273637,  -0.961423
   11623,   0.009705,   0.270097,  -0.961057
   11643,   0.016541,   0.261063,  -0.959836
   11663,   0.017518,   0.272539,  -0.959104
   11683,   0.012025,   0.266679,  -0.957517
   11702,   0.005432,   0.262772,  -0.963133
   11722,   0.003479,   0.258744,  -0.961790
   11742,   0.009095,   0.261307,  -0.959348
   11762,   0.015443,   0.274248,  -0.960203
   11782,   0.014466,   0.274980,  -0.963377
   11802,   0.010682,   0.266557,  -0.963865
   11822,   0.006287,   0.260575,  -0.959348
   11842,   0.008484,   0.265702,  -0.959470
   11862,   0.014344,   0.267411,  -0.960325
   11882,   0.017762,   0.265824,  -0.959226
   11902,   0.015565,   0.264848,  -0.958494
   11922,   0.008484,   0.255448,  -0.957151
   11942,   0.009583,   0.259110,  -0.958494
   11962,   0.009705,   0.266068,  -0.957517
   11982,   0.016541,   0.272539,  -0.966917
   12002,   0.015321,   0.277422,  -0.967039
   12022,   0.011170,   0.267778,  -0.965452
   12042,   0.010926,   0.267778,  -0.962400
   12062,   0.011414,   0.274858,  -0.958127
   12082,   0.006043,   0.271684,  -0.961179
   12102,   0.000671,   0.259965,  -0.964720
   12122,   0.001404,   0.262895,  -0.962156
   12142,   0.008362,   0.268754,  -0.958982
   12162,   0.015077,   0.278643,  -0.961790
   12182,   0.009949,   0.270341,  -0.959592
   12202,   0.009217,   0.260819,  -0.959348
   12222,   0.011658,   0.268632,  -0.960203
   12242,   0.011292,   0.271318,  -0.960691
   12262,   0.014588,   0.266191,  -0.963377
   12282,   0.012635,   0.268388,  -0.962034
   12302,   0.014344,   0.268388,  -0.960813
   12322,   0.007020,   0.273027,  -0.961057
   12342,   0.011170,   0.275591,  -0.966184
   12362,   0.007508,   0.275957,  -0.956784
   12382,   0.012635,   0.260331,  -0.955808
   12402,   0.012879,   0.260575,  -0.959836
   12422,   0.008240,   0.266557,  -0.961546
   12442,   0.010682,   0.268388,  -0.962766
   12452,   0.011536,   0.265580,  -0.955320
   12472,   0.010560,   0.267900,  -0.954831
   12492,   0.006287,   0.266801,  -0.955808
   12512,   0.008118,   0.262406,  -0.958738
   12532,   0.010682,   0.265946,  -0.957883
   12552,   0.020326,   0.267778,  -0.960935
   12572,   0.022890,   0.272783,  -0.966062
   12592,   0.017518,   0.278765,  -0.967771
   12612,   0.014832,   0.276323,  -0.965574
   12632,   0.011048,   0.270341,  -0.963621
   12652,   0.010682,   0.266068,  -0.956662
   12672,   0.011781,   0.268998,  -0.957029
   12692,   0.016541,   0.263383,  -0.957517
   12712,   0.023622,   0.265214,  -0.960813
   12732,   0.027406,   0.276323,  -0.960935
   12752,   0.018739,   0.275468,  -0.961546
   12772,   0.012391,   0.265092,  -0.959714
   12792,   0.016419,   0.257645,  -0.955930
   12812,   0.022157,   0.263383,  -0.953855
   12832,   0.030092,   0.276445,  -0.959836
   12852,   0.025941,   0.268632,  -0.964964
   12872,   0.020936,   0.270219,  -0.961790
   12892,   0.011292,   0.272905,  -0.959104
   12912,   0.003845,   0.272661,  -0.959348
   12932,   0.002991,   0.274004,  -0.958494
   12952,   0.009339,   0.261552,  -0.955930
   12962,   0.025331,   0.259232,  -0.951901
   12982,   0.027162,   0.261430,  -0.958738
   13002,   0.034853,   0.273393,  -0.957639
   13022,   0.033388,   0.284868,  -0.965696
   13042,   0.020082,   0.291216,  -0.962766
   13062,  -0.000794,   0.276323,  -0.948361
   13082,   0.002380,   0.272905,  -0.956296
   13102,   0.021181,   0.265824,  -0.974120
   13122,   0.035097,   0.268388,  -0.973753
   13142,   0.026796,   0.272539,  -0.966062
   13162,   0.018739,   0.281450,  -0.961057
   13182,   0.014222,   0.279253,  -0.963255
   13202,   0.016419,   0.275468,  -0.962400
   13222,   0.019105,   0.277544,  -0.957517
   13242,   0.022035,   0.280229,  -0.956052
   13262,   0.032412,   0.276201,  -0.960691
   13282,   0.039980,   0.272661,  -0.961179
   13302,   0.040347,   0.264115,  -0.952146
   13322,   0.035708,   0.274614,  -0.952878
   13342,   0.030703,   0.273149,  -0.957151
   13362,   0.012025,   0.277544,  -0.961912
   13382,   0.004212,   0.276933,  -0.960813
   13402,   0.004334,   0.263505,  -0.957639
   13422,   0.013734,   0.262284,  -0.956296
   13442,   0.035830,   0.273393,  -0.957883
   13462,   0.038271,   0.280352,  -0.959836
   13482,   0.030092,   0.285235,  -0.962522
   13502,   0.010438,   0.274126,  -0.962644
   13522,   0.010682,   0.270463,  -0.959836
   13542,   0.007996,   0.273149,  -0.960081
   13562,   0.012269,   0.273881,  -0.957517
   13582,   0.020692,   0.262528,  -0.958249
   13602,   0.023378,   0.269487,  -0.956052
   13622,   0.017274,   0.279619,  -0.956296
   13642,   0.016175,   0.268510,  -0.957029
   13662,   0.015321,   0.260209,  -0.953610
   13682,   0.024477,   0.270707,  -0.956174
   13702,   0.024599,   0.279009,  -0.956296
   13722,   0.017274,   0.267289,  -0.959348
   13742,   0.018006,   0.263993,  -0.958738
   13762,   0.021425,   0.268266,  -0.958494
   13782,   0.027651,   0.276079,  -0.955930
   13802,   0.029482,   0.281694,  -0.957395
   13822,   0.027284,   0.275591,  -0.958982
   13842,   0.021058,   0.274980,  -0.965940
   13862,   0.009095,   0.286822,  -0.969236
   13872,   0.008606,   0.284868,  -0.965818
   13892,   0.012025,   0.286456,  -0.969359
   13912,   0.009705,   0.297809,  -0.969603
   13932,   0.003601,   0.282427,  -0.965452
   13952,   0.006775,   0.260819,  -0.955075
   13972,   0.013245,   0.260087,  -0.947140
   13992,   0.019227,   0.260209,  -0.945309
   14012,   0.022890,   0.258378,  -0.950558
   14032,   0.020082,   0.252640,  -0.951901
   14052,   0.031557,   0.266191,  -0.961179
   14072,   0.039492,   0.289263,  -0.967649
   14092,   0.040469,   0.281694,  -0.968504
   14112,   0.037051,   0.271806,  -0.963865
   14132,   0.030581,   0.265092,  -0.957395
   14152,   0.029482,   0.264970,  -0.953122
   14172,   0.021425,   0.267533,  -0.955320
   14192,   0.014955,   0.268510,  -0.957883
   14212,   0.010193,   0.266191,  -0.958249
   14232,   0.012513,   0.270707,  -0.957761
   14252,   0.022401,   0.277056,  -0.960569
   14262,   0.022890,   0.285235,  -0.963010
   14282,   0.024110,   0.287432,  -0.962522
   14302,   0.016541,   0.279863,  -0.963255
   14322,   0.019593,   0.265702,  -0.961546
   14342,   0.022890,   0.269975,  -0.959592
   14362,   0.025331,   0.288287,  -0.957761
   14382,   0.022035,   0.274370,  -0.961179
   14402,   0.018739,   0.258866,  -0.957273
   14422,   0.023378,   0.269731,  -0.954587
   14442,   0.022768,   0.280229,  -0.957395
   14462,   0.023134,   0.286456,  -0.957151
   14482,   0.016053,   0.261552,  -0.955686
   14502,   0.014710,   0.263505,  -0.950558
   14522,   0.022523,   0.268876,  -0.947873
   14541,   0.033999,   0.263383,  -0.947140
   14562,   0.044009,   0.262040,  -0.971678
   14582,   0.044619,   0.274492,  -1.000732
   14602,   0.045596,   0.332479,  -0.984618
   14622,   0.032778,   0.315266,  -0.950192
   14641,   0.033877,   0.299029,  -0.926387
   14662,   0.032656,   0.271684,  -0.932857
   14682,   0.013245,   0.259598,  -0.952878
   14702,   0.001038,   0.246536,  -0.958616
   14721,   0.001892,   0.245926,  -0.946896
   14741,   0.016419,   0.257889,  -0.926997
   14761,   0.014222,   0.278154,  -0.926387
   14781,  -0.000305,   0.291216,  -0.944210
   14801,   0.021669,   0.302936,  -0.976683
   14821,   0.063664,   0.308429,  -1.020143
   14841,   0.084051,   0.380822,  -0.975584
   14861,   0.023012,   0.388512,  -0.915522
   14881,  -0.059391,   0.312092,  -0.949704
   14901,  -0.074773,   0.250931,  -0.991821
   14921,  -0.005432,   0.125435,  -1.071171
   14941,   0.117134,   0.149728,  -1.120002
   14961,   0.266435,   0.381798,  -1.093145
   14981,   0.303546,   0.535372,  -1.040286
   15001,   0.242874,   0.379479,  -0.995605
   15021,   0.236159,   0.270830,  -0.914179
   15041,   0.261307,   0.427699,  -0.814930
   15061,   0.295123,   0.764878,  -0.741195
   15081,   0.167308,   1.115242,  -0.732039
   15101,  -0.000061,   1.066532,  -0.637795
   15121,  -0.004944,   0.830068,  -0.582738
   15141,   0.014222,   0.733871,  -0.357749
   15161,   0.128243,   1.038088,  -0.219069
   15181,   0.083562,   1.319600,  -0.199658
   15201,  -0.091131,   1.172008,  -0.207593
   15221,  -0.125801,   0.759263,  -0.134224
   15241,  -0.023744,   0.642800,   0.004212
   15261,   0.059147,   0.765733,   0.115547
   15281,   0.154123,   1.155161,   0.107612
   15301,   0.037051,   1.049075,   0.172435
   15321,  -0.028627,   0.629128,   0.327962
   15341,   0.077336,   0.660502,   0.410731
   15361,   0.119575,   0.807483,   0.426112
   15381,   0.093328,   0.789294,   0.441494
   15401,   0.017396,   0.702008,   0.477507
   15421,  -0.029482,   0.633889,   0.547336
   15441,   0.003845,   0.638772,   0.684185
   15461,   0.105780,   0.664774,   0.758652
   15481,   0.170604,   0.536715,   0.778673
   15501,   0.155344,   0.521943,   0.887811
   15521,   0.112006,   0.409754,   1.040774
   15541,   0.171092,   0.437588,   1.118782
   15561,   0.260453,   0.450650,   1.058231
   15581,   0.097967,   0.319172,   0.953732
   15601,  -0.008973,   0.216505,   0.997192
   15621,   0.067326,   0.184887,   0.970823
   15641,   0.117988,  -0.003723,   0.912714
   15661,   0.066960,  -0.244827,   0.938229
   15681,   0.059025,  -0.243972,   0.953244
   15701,   0.055729,  -0.214674,   0.927852
   15721,   0.033632,  -0.292926,   0.964231
   15741,  -0.087591,  -0.132271,   1.036257
   15761,  -0.059757,   0.033632,   1.024904
   15781,   0.025819,  -0.189648,   1.020631
   15801,   0.065983,  -0.233596,   1.029176
   15821,  -0.002503,  -0.240066,   0.997070
   15841,  -0.007996,  -0.218336,   0.973631
   15861,  -0.022523,  -0.227126,   0.996338
   15881,   0.035830,  -0.266313,   0.984496
   15901,   0.046573,  -0.279009,   0.964842
   15921,   0.032167,  -0.262040,   0.953244
   15941,   0.035952,  -0.260819,   0.947140
   15961,  -0.002258,  -0.314655,   0.918574
   15981,  -0.007752,  -0.291949,   0.919673
   16001,  -0.009461,  -0.243362,   0.976195
   16021,  -0.009827,  -0.233352,   0.984008
   16041,  -0.028627,  -0.252152,   0.963133
   16061,  -0.024355,  -0.219191,   0.989135
   16081,  -0.022401,  -0.175853,   0.994262
   16101,  -0.033877,  -0.199414,   0.990478
   16121,   0.003968,  -0.268998,   0.999878
   16141,   0.065251,  -0.259476,   1.039675
   16161,   0.082097,  -0.291583,   1.034426
   16181,   0.108344,  -0.240432,   1.001221
   16201,   0.092230,  -0.258866,   0.998291
   16221,   0.085393,  -0.332357,   0.971556
   16241,   0.111518,  -0.260941,   0.991699
   16261,   0.127876,  -0.248611,   1.007569
   16281,   0.093206,  -0.252030,   1.013306
   16301,   0.064396,  -0.210645,   1.000488
   16321,   0.060367,  -0.170359,   1.003174
   16341,   0.076360,  -0.129219,   1.023805
   16361,   0.064396,  -0.147653,   1.036745
   16381,   0.077092,  -0.192334,   1.010377
   16401,   0.106025,  -0.186840,   0.987548
   16421,   0.093939,  -0.172191,   0.951657
   16441,   0.052554,  -0.130806,   0.945431
   16461,  -0.021913,  -0.124947,   0.950925
   16481,  -0.021058,  -0.092474,   0.943112
   16501,  -0.018983,  -0.067814,   0.947507
   16521,  -0.002869,  -0.111762,   0.943234
   16531,   0.025087,  -0.145700,   0.928096
   16551,   0.022157,  -0.131661,   0.953122
   16571,   0.021181,  -0.101019,   0.987426
   16591,   0.034731,  -0.131905,   1.006226
   16611,   0.019471,  -0.106879,   0.999268
   16631,  -0.010560,  -0.013490,   0.992187
   16651,  -0.008484,   0.037539,   1.041995
   16671,   0.017518,   0.008118,   1.052615
   16691,   0.034365,  -0.014466,   1.051395
   16711,   0.047183,  -0.041690,   1.034914
   16731,   0.063542,  -0.071477,   1.035769
   16751,   0.072209,  -0.097845,   1.029421
   16771,   0.041323,  -0.125069,   1.029054
   16791,   0.025209,  -0.121773,   1.012208
   16811,   0.026430,  -0.085027,   1.030886
   16826,   0.005432,  -0.065739,   1.033083
   16841,  -0.002136,  -0.072331,   1.013917
   16856,  -0.006043,  -0.088690,   0.996948
   16872,  -0.003357,  -0.107856,   0.973875
   16888,  -0.007019,  -0.102362,   0.966184
   16903,  -0.007019,  -0.077336,   0.957883
   16919,   0.000916,  -0.076115,   0.934811
   16934,   0.000427,  -0.118232,   0.930660
   16950,   0.028627,  -0.115913,   0.953366
   16965,   0.084661,  -0.069890,   0.968504
   16980,   0.099066,  -0.037539,   0.989257
   16996,   0.100409,  -0.036806,   0.988769
   17012,   0.085760,  -0.081609,   0.989990
   17027,   0.086370,  -0.104315,   0.983886
   17043,   0.088445,  -0.084295,   0.990112
   17059,   0.072819,  -0.084783,   0.993164
   17074,   0.064396,  -0.123726,   1.004029
   17090,   0.044986,  -0.154367,   1.010987
   17105,   0.025331,  -0.164256,   1.012696
   17121,   0.011903,  -0.162913,   1.011109
   17137,   0.020448,  -0.153879,   1.010865
   17152,   0.033022,  -0.173656,   1.023561
   17168,   0.030825,  -0.180126,   1.032839
   17183,   0.009827,  -0.199658,   1.025881
   17199,  -0.009339,  -0.200879,   1.019166
   17214,  -0.034731,  -0.186230,   1.017946
   17229,  -0.052188,  -0.159373,   1.036013
   17245,  -0.044131,  -0.154245,   1.039309
   17260,  -0.024721,  -0.151437,   1.052982
   17276,  -0.007142,  -0.149973,   1.058597
   17292,  -0.005432,  -0.139474,   1.036013
   17308,   0.001160,  -0.136910,   1.017701
   17323,   0.014955,  -0.149240,   0.998413
   17339,   0.029604,  -0.158518,   0.994384
   17354,   0.029726,  -0.192089,   0.991821
   17370,   0.052310,  -0.215528,   0.977904
   17385,   0.073308,  -0.221144,   0.968260
   17400,   0.090276,  -0.202588,   0.955564
   17416,   0.082952,  -0.157175,   0.948117
   17431,   0.053043,  -0.113227,   0.958738
   17446,   0.030214,  -0.119697,   0.960813
   17461,   0.012635,  -0.126656,   0.954221
   17477,   0.002503,  -0.125557,   0.956662
   17492,  -0.001038,  -0.128731,   0.964597
   17508,   0.010560,  -0.119819,   0.992797
   17523,   0.013368,  -0.110786,   1.020753
   17538,   0.000427,  -0.074406,   1.026735
   17558,  -0.010804,  -0.056217,   1.018800
   17578,   0.005432,  -0.078801,   1.000610
   17588,   0.032167,  -0.104804,   1.004761
   17608,   0.050479,  -0.112983,   1.004395
   17628,   0.065861,  -0.144723,   0.989868
   17648,   0.075871,  -0.204297,   0.973631
   17668,   0.045596,  -0.203198,   0.969969
   17688,   0.010560,  -0.147287,   0.963010
   17708,   0.000916,  -0.110908,   0.951535
   17728,  -0.009827,  -0.121895,   0.952878
   17748,  -0.009705,  -0.138741,   0.958738
   17768,  -0.003235,  -0.108466,   0.971678
   17788,   0.012879,  -0.095648,   1.008179
   17808,   0.031191,  -0.086492,   1.028688
   17828,   0.052554,  -0.060612,   1.033083
   17848,   0.062565,  -0.052799,   1.024660
   17868,   0.077458,  -0.082830,   1.020265
   17888,   0.083562,  -0.112251,   1.014649
   17908,   0.068547,  -0.131295,   1.003174
   17928,   0.060612,  -0.124214,   0.993042
   17948,   0.055484,  -0.106269,   0.979125
   17968,   0.033022,  -0.101386,   0.984130
   17988,   0.030825,  -0.107245,   0.977171
   18007,   0.039614,  -0.125313,   0.977416
   18018,   0.052554,  -0.124580,   0.996216
   18038,   0.052066,  -0.121773,   1.002320
   18058,   0.051944,  -0.107245,   1.007813
   18078,   0.043765,  -0.104560,   1.015626
   18098,   0.034975,  -0.122261,   1.023317
   18118,   0.037417,  -0.107245,   1.020509
   18138,   0.019349,  -0.095160,   1.016969
   18158,   0.008606,  -0.105048,   1.016603
   18178,   0.008729,  -0.090154,   1.012208
   18197,   0.019838,  -0.097479,   1.000977
   18218,   0.040713,  -0.107489,   0.996460
   18238,   0.058414,  -0.129341,   0.993164
   18258,   0.061832,  -0.114936,   1.006714
   18277,   0.055851,  -0.108954,   1.010010
   18297,   0.064518,  -0.106635,   1.013184
   18317,   0.073430,  -0.108954,   1.006348
   18337,   0.066227,  -0.093817,   1.017946
   18357,   0.049258,  -0.077092,   1.023195
   18377,   0.037539,  -0.085882,   1.012452
   18397,   0.032290,  -0.096747,   1.003662
   18417,   0.029604,  -0.101141,   1.001709
   18437,   0.034975,  -0.102728,   0.993408
   18457,   0.039614,  -0.122993,   0.983520
   18477,   0.040225,  -0.120918,   0.983153
   18497,   0.040591,  -0.103095,   0.975951
   18517,   0.041079,  -0.099432,   0.977049
   18537,   0.034487,  -0.096136,   0.989379
   18557,   0.032045,  -0.092718,   1.004517
   18577,   0.032778,  -0.096625,   1.007691
   18597,   0.029482,  -0.094549,   1.007325
   18617,   0.019227,  -0.088079,   1.001709
   18637,   0.023134,  -0.081853,   1.000854
   18657,   0.040225,  -0.085638,   0.999878
   18677,   0.039248,  -0.080999,   1.005982
   18697,   0.032167,  -0.099676,   1.006592
   18717,   0.032656,  -0.092230,   1.000366
   18737,   0.041934,  -0.078557,   0.990356
   18757,   0.042910,  -0.082830,   0.987914
   18777,   0.036074,  -0.107489,   0.981933
   18797,   0.035097,  -0.107123,   0.981078
   18817,   0.033999,  -0.101752,   0.982787
   18837,   0.032167,  -0.097479,   0.994018
   18857,   0.022523,  -0.096502,   0.996460
   18877,   0.025941,  -0.089422,   0.999878
   18897,   0.023744,  -0.083440,   0.994384
   18917,   0.028261,  -0.097113,   0.998169
   18937,   0.024354,  -0.109199,   1.009644
   18957,   0.016297,  -0.086492,   1.007203
   18977,   0.015321,  -0.066349,   1.005493
   18997,   0.018006,  -0.089666,   1.008423
   19017,   0.023866,  -0.104071,   1.009522
   19037,   0.036440,  -0.096136,   1.008790
   19057,   0.046695,  -0.088201,   1.003784
   19077,   0.052554,  -0.084173,   0.997681
   19097,   0.042056,  -0.097479,   0.999146
   19117,   0.031069,  -0.111274,   1.003784
   19137,   0.033022,  -0.104193,   0.996826
   19157,   0.032900,  -0.100897,   0.988403
   19177,   0.021058,  -0.107001,   0.992675
   19197,   0.010926,  -0.081853,   0.997070
   19217,   0.013490,  -0.088079,   0.999390
   19237,   0.018983,  -0.107978,   1.004151
   19257,   0.021547,  -0.124702,   1.014771
   19277,   0.018861,  -0.115180,   1.009156
   19297,   0.017884,  -0.091131,   0.999634
   19317,   0.015443,  -0.096869,   0.994629
   19337,   0.023012,  -0.097723,   0.999146
   19357,   0.026552,  -0.108954,   0.999390
   19377,   0.031069,  -0.105902,   1.004517
   19397,   0.035342,  -0.102362,   1.006592
   19417,   0.036196,  -0.094061,   1.006470
   19437,   0.025453,  -0.093695,   0.999268
   19457,   0.023134,  -0.086248,   0.995483
   19477,   0.029482,  -0.070500,   0.998779
   19497,   0.036074,  -0.099799,   0.998291
   19517,   0.044497,  -0.098700,   0.988158
   19537,   0.032900,  -0.077703,   0.984008
   19557,   0.020936,  -0.093084,   0.989013
   19577,   0.022645,  -0.100897,   0.989501
   19597,   0.021547,  -0.086858,   1.005371
   19617,   0.012025,  -0.080510,   1.024049
   19637,   0.023134,  -0.079289,   1.015626
   19657,   0.052066,  -0.095404,   0.999390
   19677,   0.072209,  -0.110908,   0.999390
   19697,   0.055484,  -0.112251,   1.016603
   19717,   0.027040,  -0.100775,   1.011719
   19727,   0.003113,  -0.085149,   1.003784
   19747,  -0.006165,  -0.074162,   1.000122
   19767,  -0.013978,  -0.056705,   0.994384
   19787,  -0.021303,  -0.050967,   0.968504
   19807,  -0.028139,  -0.074773,   0.956174
   19827,  -0.005677,  -0.124825,   0.957883
   19847,   0.020082,  -0.129097,   0.980223
   19867,   0.043154,  -0.117012,   0.985717
   19887,   0.049258,  -0.096380,   1.001099
   19897,   0.059269,  -0.057193,   1.025148
   19917,   0.061832,  -0.051212,   1.029665
   19937,   0.063053,  -0.068547,   1.039431
   19957,   0.059391,  -0.061344,   1.046023
   19977,   0.011292,  -0.034121,   1.055667
   19997,  -0.014344,  -0.019960,   1.031862
   20017,  -0.023256,  -0.048526,   1.000488
   20037,  -0.009095,  -0.099310,   0.985473
   20057,   0.016175,  -0.108344,   0.992065
   20077,   0.029604,  -0.078923,   0.996948
   20097,   0.038027,  -0.061100,   0.994995
   20117,   0.048892,  -0.066471,   0.996094
   20137,   0.057804,  -0.078435,   1.008667
   20157,   0.039614,  -0.049991,   1.024293
   20177,   0.014222,  -0.067326,   1.016725
   20197,   0.017274,  -0.087347,   0.997070
   20217,   0.026552,  -0.066105,   1.002808
   20237,   0.021547,  -0.061100,   1.010377
   20257,   0.016297,  -0.071721,   0.998413
   20277,   0.025575,  -0.100531,   0.982909
   20297,   0.059757,  -0.092596,   0.976561
   20317,   0.070256,  -0.101630,   0.982299
   20337,   0.070500,  -0.107978,   0.970579
   20357,   0.061954,  -0.119941,   0.981200
   20377,   0.053897,  -0.129830,   1.021241
   20397,   0.040103,  -0.100043,   1.048709
   20417,   0.011292,  -0.086980,   1.051273
   20437,  -0.007996,  -0.077947,   1.043338
   20457,  -0.016908,  -0.097601,   1.036135
   20477,  -0.015565,  -0.089666,   1.024782
   20487,  -0.017274,  -0.086126,   1.010865
   20507,  -0.011048,  -0.088445,   0.999878
   20527,  -0.001160,  -0.109687,   0.986327
   20547,   0.012025,  -0.118476,   0.986571
   20567,   0.005066,  -0.099188,   0.982543
   20577,   0.012147,  -0.079778,   0.981810
   20597,   0.018251,  -0.078923,   0.978758
   20617,   0.030214,  -0.080510,   0.982177
   20637,   0.043643,  -0.091009,   0.984374
   20647,   0.055484,  -0.095282,   0.985473
   20667,   0.048038,  -0.088934,   0.983031
   20687,   0.039980,  -0.073430,   0.976439
   20707,   0.032167,  -0.060612,   0.973265
   20727,   0.030092,  -0.060490,   0.979979
   20747,   0.031557,  -0.096747,   0.999146
   20767,   0.035952,  -0.094427,   1.016847
   20787,   0.033388,  -0.095038,   1.034548
   20807,   0.013978,  -0.097113,   1.034670
   20827,  -0.000916,  -0.076970,   1.020631
   20847,  -0.012513,  -0.070866,   1.015382
   20867,  -0.008851,  -0.092718,   1.016603
   20887,  -0.004334,  -0.118232,   1.021119
   20907,  -0.004822,  -0.104560,   1.019532
   20917,   0.003723,  -0.085760,   1.010133
   20937,   0.009705,  -0.076726,   1.004761
   20957,   0.016297,  -0.066838,   1.002808
   20977,   0.007142,  -0.071599,   1.000610
   20997,   0.011048,  -0.088445,   0.995361
   21017,   0.021181,  -0.112373,   0.999390
   21037,   0.026430,  -0.120063,   1.006226
   21057,   0.002380,  -0.110175,   0.995971
   21077,  -0.039858,  -0.096991,   0.978636
   21097,  -0.045962,  -0.074895,   0.976561
   21117,  -0.000183,  -0.077703,   1.003662
   21137,   0.038271,  -0.084661,   1.037966
   21157,   0.061466,  -0.063541,   1.040041
   21177,   0.059391,  -0.057804,   1.021119
   21197,   0.025697,  -0.043887,   1.011597
   21217,   0.003235,  -0.029970,   1.004883
   21237,  -0.005066,  -0.036318,   0.996216
   21256,  -0.023256,  -0.064640,   0.992553
   21276,  -0.011170,  -0.079900,   0.999634
   21297,  -0.003601,  -0.073186,   0.990600
   21317,   0.007874,  -0.083318,   0.974486
   21337,   0.016175,  -0.097601,   0.972044
   21356,   0.010560,  -0.097723,   0.970091
   21376,  -0.021547,  -0.079412,   0.973753
   21396,  -0.035586,  -0.075383,   0.974974
   21416,  -0.026796,  -0.076848,   0.986938
   21436,   0.001648,  -0.069890,   1.005249
   21456,   0.011781,  -0.057316,   1.026125
   21476,   0.016419,  -0.039004,   1.021486
   21486,   0.030703,  -0.032534,   1.017335
   21506,   0.030703,  -0.049625,   1.019777
   21526,   0.022035,  -0.079778,   1.020509
   21546,   0.004578,  -0.085393,   1.009766
   21566,   0.007020,  -0.080510,   0.991821
   21586,  -0.002014,  -0.084661,   0.991333
   21606,  -0.006653,  -0.088567,   0.988281
   21626,  -0.011292,  -0.071721,   0.994018
   21646,  -0.006897,  -0.067570,   1.002808
   21666,   0.005677,  -0.065617,   1.001953
   21686,  -0.001892,  -0.070744,   1.004761
   21706,  -0.008362,  -0.052066,   1.001343
   21726,  -0.002014,  -0.061588,   1.000366
   21746,   0.004456,  -0.061588,   0.998413
   21766,  -0.001038,  -0.062565,   0.994140
   21776,   0.008973,  -0.043277,   0.984740
   21796,   0.011414,  -0.044742,   0.982787
   21816,   0.011903,  -0.043154,   0.988158
   21836,   0.008851,  -0.048404,   0.992675
   21856,   0.019105,  -0.058414,   1.000366
   21876,   0.027406,  -0.065495,   1.007691
   21896,   0.025087,  -0.070378,   1.015870
   21916,   0.022523,  -0.064518,   1.026369
   21936,   0.013978,  -0.053897,   1.024660
   21956,  -0.002869,  -0.061588,   1.023317
   21976,  -0.013245,  -0.066715,   1.015870
   21996,  -0.014588,  -0.059757,   1.011353
   22016,  -0.017152,  -0.077580,   1.015626
   22036,  -0.004578,  -0.068791,   1.015260
   22056,  -0.005921,  -0.079778,   1.016358
   22076,  -0.000794,  -0.080022,   1.008301
   22096,  -0.000061,  -0.062931,   1.003540
   22116,  -0.005188,  -0.052432,   0.995117
   22126,  -0.002258,  -0.057804,   0.995361
   22146,   0.000793,  -0.061100,   0.997681
   22166,   0.005799,  -0.058170,   1.001709
   22186,   0.013856,  -0.059391,   1.001587
   22206,   0.012513,  -0.065983,   1.001099
   22226,   0.026064,  -0.059391,   1.007203
   22246,   0.032412,  -0.051334,   1.005738
   22266,   0.024110,  -0.061344,   0.998047
   22286,  -0.005555,  -0.069401,   1.003174
   22306,  -0.019716,  -0.048282,   0.996338
   22326,  -0.011658,  -0.049503,   0.990600
   22346,  -0.001770,  -0.051334,   0.985595
   22366,  -0.001282,  -0.033022,   0.981933
   22386,  -0.011048,  -0.047427,   0.981200
   22406,  -0.007874,  -0.083196,   0.986694
   22426,   0.012635,  -0.083806,   0.990966
   22446,   0.012879,  -0.075627,   0.997070
   22466,   0.015077,  -0.053165,   0.996460
   22486,   0.015687,  -0.038393,   1.007569
   22496,   0.022768,  -0.047183,   1.010865
   22516,   0.020204,  -0.053775,   1.012696
   22536,   0.025453,  -0.064762,   1.025148
   22556,   0.016053,  -0.071477,   1.050296
   22576,   0.004090,  -0.054508,   1.047976
   22596,   0.001770,  -0.041201,   1.030275
   22616,   0.003113,  -0.061832,   1.018190
   22636,   0.005555,  -0.073308,   1.019777
   22656,   0.004334,  -0.066838,   1.020753
   22676,   0.005555,  -0.072819,   1.007935
   22696,   0.009705,  -0.078923,   0.994262
   22716,   0.009461,  -0.060734,   0.988281
   22736,   0.008240,  -0.057438,   0.998291
   22756,   0.002869,  -0.065006,   1.003174
   22776,   0.009095,  -0.067692,   1.002075
   22796,   0.017274,  -0.056949,   0.995849
   22816,   0.012269,  -0.052799,   0.993652
   22836,   0.004700,  -0.059513,   0.999756
   22856,   0.006165,  -0.069767,   0.992187
   22866,   0.012879,  -0.072819,   0.994140
   22886,   0.015443,  -0.073674,   0.993774
   22906,   0.018983,  -0.073308,   0.999268
   22926,   0.015199,  -0.064640,   1.000610
   22946,   0.004578,  -0.054508,   1.002075
   22966,  -0.003968,  -0.057560,   1.009888
   22986,   0.004578,  -0.064152,   1.013306
   22996,   0.006531,  -0.065861,   1.013917
   23016,   0.003601,  -0.063175,   1.017091
   23036,   0.005310,  -0.053287,   1.010865
   23056,   0.006897,  -0.056583,   1.005249
   23076,  -0.000549,  -0.065373,   1.007935
   23096,   0.000427,  -0.054386,   0.999390
   23116,   0.010316,  -0.050113,   0.992065
   23136,   0.007630,  -0.064884,   0.991455
   23156,   0.014832,  -0.091009,   0.994018
   23176,   0.004212,  -0.063664,   1.006714
   23196,  -0.001770,  -0.040347,   1.001587
   23216,   0.006775,  -0.051212,   0.998901
   23236,   0.011658,  -0.050357,   1.014527
   23256,   0.011414,  -0.042544,   1.018922
   23276,   0.010316,  -0.053287,   1.015016
   23296,   0.014832,  -0.059879,   1.005371
   23316,   0.013734,  -0.060734,   1.001587
   23336,   0.014955,  -0.075505,   1.003662
   23356,   0.018617,  -0.072331,   1.000244
   23376,   0.017030,  -0.070866,   0.997558
   23396,   0.017274,  -0.063175,   1.005005
   23416,   0.005310,  -0.068913,   1.014283
   23436,  -0.006043,  -0.070988,   1.013428
   23456,  -0.005921,  -0.063297,   1.002564
   23476,  -0.001160,  -0.053287,   1.001587
   23496,   0.006043,  -0.035586,   0.999390
   23516,   0.022768,  -0.044986,   1.000610
   23526,   0.022890,  -0.064396,   1.001221
   23546,   0.022401,  -0.074895,   0.999878
   23566,   0.022890,  -0.074162,   1.003418
   23586,   0.019593,  -0.067082,   0.999023
   23606,   0.009949,  -0.050845,   0.994629
   23626,   0.005799,  -0.045108,   0.988403
   23646,   0.004700,  -0.051212,   0.993408
   23666,   0.008362,  -0.065129,   1.005371
   23686,   0.009949,  -0.065983,   1.018434
   23706,   0.002380,  -0.070134,   1.036257
   23726,  -0.001892,  -0.050235,   1.022096
   23746,   0.001526,  -0.043154,   1.002930
   23766,   0.000305,  -0.058048,   1.004029
   23786,   0.005799,  -0.073186,   1.016603
   23806,   0.013734,  -0.078801,   1.001709
   23826,   0.012269,  -0.094183,   0.993896
   23836,   0.002869,  -0.082586,   1.005371
   23856,  -0.004456,  -0.069279,   0.999390
   23876,   0.001404,  -0.056461,   0.986694
   23896,   0.009339,  -0.069645,   0.988525
   23916,   0.032778,  -0.069890,   1.001221
   23936,   0.031313,  -0.065129,   1.023683
   23956,   0.031435,  -0.046451,   1.028810
   23976,   0.036806,  -0.045962,   1.026491
   23996,   0.024599,  -0.061588,   1.015016
   24006,   0.006653,  -0.067570,   1.002564
   24026,   0.001404,  -0.065006,   0.999512
   24046,  -0.006653,  -0.064030,   0.983153
   24056,  -0.010560,  -0.069645,   0.976073
   24076,  -0.010804,  -0.075993,   0.975951
   24096,  -0.001038,  -0.056217,   0.993530
   24116,   0.005432,  -0.043399,   1.005982
   24136,   0.013612,  -0.048160,   1.002075
   24156,   0.025575,  -0.048770,   1.003906
   24176,   0.034975,  -0.061466,   1.016969
   24196,   0.030092,  -0.075505,   1.011597
   24216,   0.004090,  -0.065739,   0.997681
   24236,  -0.009339,  -0.038271,   0.985473
   24256,  -0.006897,  -0.026064,   1.000977
   24276,  -0.004334,  -0.055973,   1.001587
   24296,   0.007752,  -0.076604,   0.990356
   24316,   0.013856,  -0.090887,   0.980834
   24335,   0.011048,  -0.084661,   0.987548
   24356,   0.023134,  -0.066105,   0.986571
   24376,   0.017152,  -0.059025,   0.993652
   24396,   0.010071,  -0.041079,   1.000732
   24415,   0.029116,  -0.052188,   1.019777
   24426,   0.041445,  -0.040347,   1.044925
   24446,   0.040957,  -0.036806,   1.046634
   24465,   0.030581,  -0.005432,   1.042849
   24485,   0.019960,   0.006897,   1.019777
   24506,   0.020204,  -0.016419,   1.002442
   24525,   0.013856,  -0.058780,   1.000366
   24545,  -0.001160,  -0.071965,   1.007203
   24565,  -0.005066,  -0.078923,   0.997925
   24585,   0.010438,  -0.066593,   0.993530
   24605,   0.016541,  -0.060734,   0.992309
   24625,   0.007874,  -0.056949,   1.008057
   24645,   0.005188,  -0.043399,   1.022951
   24665,   0.007508,  -0.035342,   1.028200
   24685,   0.007264,  -0.047305,   1.024415
   24705,   0.013001,  -0.039370,   1.021241
   24725,   0.007752,  -0.037417,   1.015260
   24745,   0.003968,  -0.049625,   1.009644
   24765,   0.008484,  -0.070134,   0.989013
   24785,   0.000793,  -0.072697,   0.980468
   24805,  -0.005799,  -0.086248,   0.978758
   24825,  -0.005066,  -0.087225,   0.973997
   24845,  -0.002991,  -0.057804,   0.987060
   24865,   0.004578,  -0.034853,   0.994629
   24885,   0.010804,  -0.036929,   0.998291
   24905,   0.029482,  -0.052310,   1.004883
   24925,   0.036929,  -0.041079,   1.014405
   24945,   0.042910,  -0.025453,   1.017213
   24965,   0.039004,  -0.038882,   1.014894
   24985,   0.033388,  -0.058903,   1.018068
   25005,   0.020692,  -0.055362,   1.017579
   25025,   0.003357,  -0.048160,   1.009278
   25045,  -0.009461,  -0.043032,   1.008301
   25065,  -0.013978,  -0.035219,   1.006104
   25085,  -0.015199,  -0.053897,   1.014161
   25105,  -0.002991,  -0.069645,   1.008057
   25125,   0.011414,  -0.074895,   1.001587
   25145,   0.012025,  -0.060856,   1.000854
   25165,  -0.005188,  -0.031801,   1.012696
   25185,  -0.002503,  -0.039858,   0.998413
   25205,   0.010926,  -0.057804,   1.008057
   25225,   0.045718,  -0.065983,   1.023561
   25245,   0.038271,  -0.051456,   1.023439
   25265,   0.009461,  -0.027529,   1.002198
   25285,  -0.012269,  -0.035219,   0.990478
   25305,  -0.013245,  -0.053165,   0.991088
   25325,  -0.012391,  -0.049747,   0.995117
   25345,  -0.003968,  -0.075627,   0.996094
   25365,   0.011781,  -0.070866,   0.991088
   25385,   0.016175,  -0.057682,   0.991455
   25405,   0.010193,  -0.029238,   1.000366
   25425,  -0.002258,  -0.033388,   1.002930
   25445,   0.002503,  -0.034853,   1.010377
   25465,   0.013856,  -0.027162,   1.009034
   25485,   0.004944,  -0.023500,   1.015016
   25505,  -0.008973,  -0.026186,   1.006104
   25525,  -0.017518,  -0.023378,   0.994873
   25545,  -0.007630,  -0.021669,   0.990966
   25565,   0.005066,  -0.068058,   0.994140
   25585,   0.023866,  -0.080999,   0.999146
   25605,   0.024477,  -0.057804,   0.997925
   25625,   0.016664,  -0.039248,   0.994629
   25645,   0.016297,  -0.032290,   0.995727
   25665,   0.015321,  -0.005432,   1.015626
   25685,  -0.002625,  -0.007142,   1.019166
   25705,   0.004822,  -0.021425,   1.014771
   25725,   0.016541,  -0.007996,   0.997925
   25745,   0.011048,  -0.006653,   0.991333
   25755,   0.026064,  -0.044131,   0.997436
   25775,   0.018861,  -0.045352,   0.990112
   25795,   0.009827,  -0.011658,   0.974242
   25815,   0.019471,   0.018373,   0.960203
   25835,   0.035830,  -0.027040,   0.955442
   25855,   0.074284,  -0.056583,   0.975951
   25875,   0.081731,  -0.096258,   1.005738
   25895,   0.065495,  -0.103583,   1.010621
   25915,   0.060612,  -0.035219,   1.010010
   25935,   0.059391,   0.085271,   1.028932
   25955,   0.055240,   0.151315,   1.043216
   25975,   0.031435,   0.149118,   1.065312
   25995,   0.025209,   0.069890,   1.071171
   26015,   0.046329,   0.050967,   1.063358
   26035,   0.063053,   0.083440,   1.044925
   26045,   0.088812,   0.067082,   1.026125
   26065,   0.097967,   0.065251,   1.019532
   26085,   0.111762,   0.095526,   1.011353
   26105,   0.104560,   0.155588,   1.014894
   26125,   0.098700,   0.168772,   1.010010
   26145,   0.090887,   0.164988,   1.002442
   26165,   0.083074,   0.155344,   1.004273
   26185,   0.075139,   0.137521,   1.014771
   26205,   0.074040,   0.118232,   1.005127
   26225,   0.075627,   0.087713,   1.000488
   26245,   0.064640,   0.075993,   0.995727
   26265,   0.048404,   0.083562,   0.992675
   26285,   0.063664,   0.094427,   0.986571
   26305,   0.081731,   0.075871,   0.976927
   26325,   0.082586,   0.084905,   0.979613
   26345,   0.074040,   0.107978,   0.981566
